{
    "10": {
        "age": [
            20.7331,
            20.9227,
            21.4247,
            21.9278,
            23.0529,
            25.2483,
            28.1928,
            34.4164,
            35.4925,
            35.8307
        ],
        "name": [
            "Vivaan",
            "Rohan",
            "Ananya",
            "Sneha",
            "Sneha",
            "Arjun",
            "Priya",
            "Rahul",
            "Aman",
            "Priya"
        ]
    },
    "100": {
        "age": [
            20.3612,
            21.0317,
            21.0515,
            21.3142,
            21.641,
            21.6721,
            21.8119,
            22.0893,
            22.2171,
            22.6142,
            22.7736,
            22.783,
            22.8101,
            23.1209,
            23.2594,
            23.5988,
            24.1424,
            24.2396,
            24.847,
            24.8994,
            25.0576,
            25.0589,
            25.218,
            25.5386,
            25.6265,
            25.7724,
            25.8862,
            26.0716,
            26.3122,
            27.0227,
            27.0845,
            27.3113,
            27.4005,
            27.8383,
            27.8516,
            27.8666,
            27.9711,
            28.2651,
            28.9209,
            28.9845,
            29.1099,
            29.1901,
            29.2283,
            29.259,
            29.3568,
            29.5421,
            29.7712,
            30.1496,
            30.3337,
            30.5521,
            30.8767,
            31.0118,
            31.2592,
            31.3019,
            31.3745,
            31.5572,
            31.7518,
            32.2293,
            32.288,
            32.5125,
            32.8981,
            32.9202,
            33.2164,
            33.2443,
            33.2723,
            33.4908,
            33.7008,
            33.7723,
            33.9235,
            34.2336,
            34.4381,
            34.7407,
            34.755,
            34.8584,
            35.0882,
            35.1308,
            35.4185,
            35.5983,
            35.8189,
            35.9153,
            35.957,
            36.0679,
            36.1514,
            36.5597,
            36.8088,
            37.2306,
            37.6318,
            37.8551,
            38.1283,
            38.2303,
            38.4506,
            38.5016,
            38.6558,
            38.6774,
            39.3526,
            39.3952,
            39.5398,
            39.5772,
            39.6087,
            39.921
        ],
        "name": [
            "Kunal",
            "Ananya",
            "Arjun",
            "Kunal",
            "Sneha",
            "Pooja",
            "Vivaan",
            "Riya",
            "Aditi",
            "Kavya",
            "Nikhil",
            "Aman",
            "Aman",
            "Pooja",
            "Rahul",
            "Riya",
            "Siddharth",
            "Pooja",
            "Simran",
            "Simran",
            "Ishita",
            "Simran",
            "Aman",
            "Vivaan",
            "Simran",
            "Pooja",
            "Rohan",
            "Rahul",
            "Aarav",
            "Neha",
            "Sneha",
            "Ananya",
            "Sneha",
            "Aman",
            "Arjun",
            "Nikhil",
            "Ishita",
            "Aditi",
            "Aarav",
            "Aman",
            "Rohan",
            "Sneha",
            "Neha",
            "Sneha",
            "Sneha",
            "Arjun",
            "Kunal",
            "Priya",
            "Sneha",
            "Ananya",
            "Sneha",
            "Kavya",
            "Neha",
            "Priya",
            "Riya",
            "Sneha",
            "Rahul",
            "Simran",
            "Aarav",
            "Aditya",
            "Simran",
            "Arjun",
            "Simran",
            "Pooja",
            "Priya",
            "Ananya",
            "Arjun",
            "Nikhil",
            "Kavya",
            "Aditya",
            "Neha",
            "Siddharth",
            "Aman",
            "Arjun",
            "Kunal",
            "Aman",
            "Rohan",
            "Rahul",
            "Riya",
            "Aarav",
            "Neha",
            "Neha",
            "Aditi",
            "Vivaan",
            "Siddharth",
            "Kunal",
            "Aman",
            "Rohan",
            "Riya",
            "Sneha",
            "Priya",
            "Neha",
            "Kavya",
            "Aditi",
            "Kunal",
            "Aditi",
            "Rohan",
            "Aditi",
            "Siddharth",
            "Rahul"
        ]
    },
    "20": {
        "age": [
            20.2081,
            20.3866,
            22.3914,
            22.9376,
            25.2066,
            26.0329,
            26.9403,
            27.1614,
            31.9743,
            33.1628,
            33.7256,
            33.8897,
            33.8922,
            35.1196,
            36.5031,
            36.7379,
            37.7684,
            37.82,
            38.7301,
            39.3858
        ],
        "name": [
            "Pooja",
            "Ananya",
            "Nikhil",
            "Neha",
            "Aman",
            "Simran",
            "Sneha",
            "Kunal",
            "Vivaan",
            "Simran",
            "Siddharth",
            "Siddharth",
            "Aditya",
            "Sneha",
            "Neha",
            "Kunal",
            "Kavya",
            "Sneha",
            "Kunal",
            "Arjun"
        ]
    },
    "30": {
        "age": [
            21.1174,
            23.1972,
            24.1656,
            24.6304,
            25.9276,
            27.2275,
            27.2731,
            27.2942,
            28.9575,
            29.5049,
            29.5942,
            31.276,
            31.5449,
            32.2741,
            32.5702,
            33.7363,
            34.2264,
            34.8302,
            35.2173,
            36.0807,
            36.1226,
            37.6847,
            37.7092,
            37.9591,
            38.1054,
            38.2924,
            38.5501,
            39.4137,
            39.8631,
            39.9633
        ],
        "name": [
            "Aditi",
            "Vivaan",
            "Siddharth",
            "Riya",
            "Nikhil",
            "Rohan",
            "Siddharth",
            "Ishita",
            "Aditi",
            "Sneha",
            "Ananya",
            "Rahul",
            "Ishita",
            "Neha",
            "Aditya",
            "Vivaan",
            "Arjun",
            "Kunal",
            "Neha",
            "Kavya",
            "Kavya",
            "Kavya",
            "Pooja",
            "Riya",
            "Simran",
            "Neha",
            "Aarav",
            "Simran",
            "Arjun",
            "Aman"
        ]
    },
    "40": {
        "age": [
            20.2207,
            20.7076,
            20.9149,
            21.5825,
            22.0078,
            22.6129,
            22.6963,
            23.1056,
            23.4703,
            24.9691,
            26.0818,
            27.5481,
            27.9722,
            30.3047,
            30.6448,
            30.699,
            30.8248,
            31.2595,
            31.3375,
            31.5319,
            31.5751,
            32.3716,
            32.4204,
            32.8791,
            33.0139,
            33.708,
            34.1669,
            34.1918,
            34.2515,
            34.5992,
            35.1262,
            35.3047,
            35.6762,
            35.9454,
            36.3526,
            36.3853,
            36.7467,
            37.9813,
            38.4809,
            38.6268
        ],
        "name": [
            "Kavya",
            "Nikhil",
            "Rohan",
            "Pooja",
            "Rohan",
            "Pooja",
            "Simran",
            "Priya",
            "Vivaan",
            "Riya",
            "Pooja",
            "Aditi",
            "Rohan",
            "Aditi",
            "Siddharth",
            "Pooja",
            "Pooja",
            "Siddharth",
            "Vivaan",
            "Neha",
            "Pooja",
            "Pooja",
            "Nikhil",
            "Aditi",
            "Rohan",
            "Simran",
            "Aman",
            "Aarav",
            "Arjun",
            "Aman",
            "Aman",
            "Sneha",
            "Kunal",
            "Aditya",
            "Simran",
            "Arjun",
            "Riya",
            "Rahul",
            "Priya",
            "Arjun"
        ]
    },
    "50": {
        "age": [
            20.9671,
            20.9824,
            21.0502,
            21.2497,
            21.6837,
            22.0121,
            22.3734,
            22.5882,
            22.8733,
            22.9901,
            23.0761,
            24.3301,
            25.5162,
            25.5882,
            26.5941,
            27.6218,
            27.9512,
            28.0695,
            28.1501,
            28.7672,
            29.9981,
            30.1682,
            30.9706,
            31.2432,
            31.985,
            32.3146,
            33.0681,
            33.3811,
            33.4802,
            33.7788,
            34.0756,
            34.6131,
            34.824,
            34.9089,
            35.4023,
            35.4453,
            35.5261,
            35.595,
            36.0268,
            36.1423,
            36.2634,
            36.7468,
            36.9977,
            37.3505,
            37.7914,
            38.5185,
            38.8096,
            39.3051,
            39.5774,
            39.9925
        ],
        "name": [
            "Aditya",
            "Pooja",
            "Arjun",
            "Aman",
            "Neha",
            "Arjun",
            "Simran",
            "Ishita",
            "Siddharth",
            "Ananya",
            "Arjun",
            "Ananya",
            "Simran",
            "Ananya",
            "Rohan",
            "Kunal",
            "Aditi",
            "Arjun",
            "Aditi",
            "Aditi",
            "Kavya",
            "Aditya",
            "Siddharth",
            "Ananya",
            "Siddharth",
            "Simran",
            "Neha",
            "Ishita",
            "Rahul",
            "Ishita",
            "Aditya",
            "Sneha",
            "Priya",
            "Kunal",
            "Neha",
            "Siddharth",
            "Sneha",
            "Ishita",
            "Pooja",
            "Aman",
            "Kunal",
            "Kavya",
            "Aditya",
            "Rahul",
            "Sneha",
            "Ishita",
            "Aditya",
            "Pooja",
            "Riya",
            "Arjun"
        ]
    },
    "60": {
        "age": [
            20.0626,
            22.8662,
            22.8678,
            22.941,
            23.068,
            23.5406,
            23.5947,
            23.7713,
            24.2989,
            24.3674,
            24.9177,
            25.178,
            26.4336,
            26.4596,
            26.4805,
            27.2418,
            27.6274,
            27.7803,
            28.2562,
            28.4194,
            28.5505,
            28.5735,
            28.6884,
            29.2505,
            29.7083,
            29.8375,
            30.3982,
            30.5232,
            30.8422,
            31.8958,
            31.974,
            32.3738,
            32.8241,
            32.8494,
            32.9666,
            33.4366,
            33.7148,
            34.1509,
            34.4248,
            34.473,
            34.5745,
            35.7261,
            35.7494,
            35.8017,
            35.8092,
            35.8162,
            35.9121,
            36.1257,
            36.1365,
            36.4548,
            36.7377,
            37.8862,
            38.2004,
            38.2962,
            38.4506,
            38.6226,
            39.0601,
            39.5562,
            39.8554,
            39.9343
        ],
        "name": [
            "Nikhil",
            "Aditya",
            "Kavya",
            "Vivaan",
            "Kunal",
            "Aarav",
            "Siddharth",
            "Aarav",
            "Aman",
            "Arjun",
            "Kunal",
            "Aditi",
            "Simran",
            "Kavya",
            "Ishita",
            "Kunal",
            "Rohan",
            "Siddharth",
            "Ishita",
            "Kavya",
            "Aditi",
            "Neha",
            "Aditi",
            "Kunal",
            "Rohan",
            "Vivaan",
            "Aditya",
            "Rohan",
            "Pooja",
            "Ishita",
            "Neha",
            "Neha",
            "Ishita",
            "Siddharth",
            "Sneha",
            "Priya",
            "Neha",
            "Arjun",
            "Ishita",
            "Vivaan",
            "Aman",
            "Neha",
            "Neha",
            "Riya",
            "Neha",
            "Rahul",
            "Nikhil",
            "Sneha",
            "Aarav",
            "Sneha",
            "Ishita",
            "Aman",
            "Arjun",
            "Aarav",
            "Siddharth",
            "Nikhil",
            "Rahul",
            "Kavya",
            "Simran",
            "Kunal"
        ]
    },
    "70": {
        "age": [
            20.2482,
            20.5428,
            20.8226,
            21.3745,
            21.7939,
            21.9568,
            21.9879,
            22.0187,
            22.2847,
            22.6393,
            22.6909,
            22.8414,
            23.0183,
            23.083,
            23.5912,
            23.7352,
            23.9688,
            24.358,
            24.8875,
            25.4606,
            26.2338,
            26.8925,
            27.201,
            27.3144,
            27.6062,
            27.6203,
            28.1196,
            28.264,
            28.4962,
            28.6801,
            28.8274,
            29.0269,
            29.4717,
            29.9445,
            30.0182,
            30.071,
            30.4616,
            30.5194,
            30.8228,
            30.8679,
            31.5452,
            31.5907,
            31.9996,
            32.2551,
            32.3225,
            32.4631,
            32.5166,
            32.7762,
            32.8717,
            33.1124,
            33.5262,
            33.7589,
            34.7991,
            35.131,
            35.171,
            35.4975,
            35.9824,
            36.0927,
            36.3244,
            36.3814,
            36.9234,
            37.7941,
            38.0367,
            38.2508,
            38.5522,
            38.8947,
            39.0071,
            39.0099,
            39.6832,
            39.9346
        ],
        "name": [
            "Kavya",
            "Aman",
            "Priya",
            "Pooja",
            "Arjun",
            "Arjun",
            "Kavya",
            "Pooja",
            "Aarav",
            "Riya",
            "Aarav",
            "Ishita",
            "Aarav",
            "Ishita",
            "Simran",
            "Rohan",
            "Rahul",
            "Arjun",
            "Neha",
            "Kavya",
            "Rahul",
            "Arjun",
            "Ishita",
            "Vivaan",
            "Nikhil",
            "Kavya",
            "Sneha",
            "Rahul",
            "Sneha",
            "Arjun",
            "Nikhil",
            "Kavya",
            "Ishita",
            "Aditi",
            "Rohan",
            "Sneha",
            "Pooja",
            "Kavya",
            "Vivaan",
            "Arjun",
            "Arjun",
            "Rahul",
            "Neha",
            "Rahul",
            "Ananya",
            "Aman",
            "Pooja",
            "Kavya",
            "Aditya",
            "Pooja",
            "Rohan",
            "Vivaan",
            "Ishita",
            "Aarav",
            "Vivaan",
            "Ishita",
            "Ishita",
            "Arjun",
            "Pooja",
            "Vivaan",
            "Ishita",
            "Arjun",
            "Aditya",
            "Neha",
            "Nikhil",
            "Arjun",
            "Sneha",
            "Nikhil",
            "Pooja",
            "Aditi"
        ]
    },
    "80": {
        "age": [
            20.2091,
            20.2544,
            20.2943,
            20.2969,
            20.5392,
            20.6564,
            20.7225,
            20.7474,
            20.8366,
            20.8536,
            20.9852,
            21.0168,
            21.1388,
            21.1726,
            21.2889,
            21.4504,
            22.1268,
            22.1922,
            22.2002,
            23.1656,
            23.5593,
            23.6882,
            23.9613,
            24.0189,
            24.1025,
            24.2814,
            24.7491,
            25.082,
            25.1352,
            25.5614,
            25.8697,
            26.4212,
            26.5997,
            26.6581,
            26.6994,
            26.8263,
            26.8296,
            26.9759,
            26.981,
            27.093,
            27.3528,
            27.3763,
            28.1363,
            28.6439,
            28.766,
            29.0406,
            29.2408,
            29.8068,
            30.4517,
            31.5331,
            31.5343,
            31.6239,
            31.8734,
            32.2886,
            32.3498,
            32.8063,
            33.0039,
            33.444,
            33.4525,
            33.5384,
            33.902,
            33.9728,
            34.5048,
            34.6101,
            34.6358,
            34.8223,
            35.0995,
            35.3145,
            35.5011,
            35.7806,
            35.9795,
            36.4801,
            36.8171,
            37.4311,
            37.5966,
            38.0783,
            38.2497,
            38.3043,
            38.6912,
            38.786
        ],
        "name": [
            "Priya",
            "Priya",
            "Ananya",
            "Rohan",
            "Riya",
            "Ishita",
            "Ananya",
            "Aditi",
            "Arjun",
            "Sneha",
            "Kavya",
            "Simran",
            "Vivaan",
            "Sneha",
            "Priya",
            "Sneha",
            "Vivaan",
            "Arjun",
            "Vivaan",
            "Aarav",
            "Aarav",
            "Simran",
            "Siddharth",
            "Aditya",
            "Aditi",
            "Siddharth",
            "Kavya",
            "Aditya",
            "Sneha",
            "Ishita",
            "Aditya",
            "Pooja",
            "Kunal",
            "Sneha",
            "Aman",
            "Simran",
            "Rahul",
            "Aman",
            "Aman",
            "Kunal",
            "Aditya",
            "Rohan",
            "Nikhil",
            "Simran",
            "Kunal",
            "Kunal",
            "Riya",
            "Sneha",
            "Simran",
            "Kavya",
            "Simran",
            "Kavya",
            "Aditi",
            "Neha",
            "Vivaan",
            "Rohan",
            "Kavya",
            "Siddharth",
            "Aarav",
            "Riya",
            "Siddharth",
            "Aarav",
            "Kunal",
            "Priya",
            "Rohan",
            "Aman",
            "Simran",
            "Vivaan",
            "Kunal",
            "Nikhil",
            "Arjun",
            "Sneha",
            "Kunal",
            "Aditya",
            "Simran",
            "Aditya",
            "Rohan",
            "Aarav",
            "Aditya",
            "Simran"
        ]
    },
    "90": {
        "age": [
            20.0179,
            20.2652,
            20.7442,
            21.1742,
            21.3437,
            21.8559,
            22.1642,
            22.1878,
            22.2163,
            22.4249,
            22.6071,
            22.872,
            23.0405,
            23.7419,
            23.7704,
            23.9029,
            23.9969,
            24.3892,
            24.5724,
            24.5828,
            25.167,
            25.4403,
            25.7033,
            26.1657,
            26.2805,
            26.3082,
            26.6308,
            27.1429,
            27.204,
            27.2654,
            27.3573,
            27.6678,
            28.3601,
            28.3973,
            28.5463,
            28.6403,
            28.7997,
            29.6108,
            29.8071,
            29.8615,
            29.9925,
            30.0223,
            30.3091,
            30.8775,
            30.9368,
            31.1821,
            31.4144,
            31.5738,
            31.6753,
            31.9174,
            31.9378,
            32.0271,
            32.2305,
            32.2822,
            32.5874,
            32.6945,
            33.0851,
            33.4243,
            33.5003,
            33.6346,
            33.7056,
            33.8356,
            33.8458,
            34.0238,
            34.0988,
            34.1895,
            35.3474,
            35.4009,
            35.6637,
            35.6727,
            36.3726,
            36.3866,
            36.5759,
            36.6102,
            36.9702,
            37.0235,
            37.102,
            37.1712,
            37.3982,
            37.6821,
            38.2427,
            38.5563,
            38.7151,
            38.8894,
            39.0664,
            39.5098,
            39.6145,
            39.7051,
            39.75,
            39.9448
        ],
        "name": [
            "Pooja",
            "Riya",
            "Kavya",
            "Aarav",
            "Sneha",
            "Kavya",
            "Priya",
            "Riya",
            "Simran",
            "Arjun",
            "Vivaan",
            "Rohan",
            "Priya",
            "Sneha",
            "Priya",
            "Sneha",
            "Aditya",
            "Kunal",
            "Nikhil",
            "Sneha",
            "Kunal",
            "Riya",
            "Riya",
            "Nikhil",
            "Pooja",
            "Ananya",
            "Rohan",
            "Aarav",
            "Ishita",
            "Ananya",
            "Siddharth",
            "Rohan",
            "Neha",
            "Aman",
            "Aarav",
            "Nikhil",
            "Aarav",
            "Arjun",
            "Sneha",
            "Neha",
            "Aman",
            "Nikhil",
            "Aman",
            "Vivaan",
            "Pooja",
            "Aman",
            "Rahul",
            "Rahul",
            "Nikhil",
            "Sneha",
            "Pooja",
            "Riya",
            "Siddharth",
            "Riya",
            "Simran",
            "Arjun",
            "Pooja",
            "Kavya",
            "Kavya",
            "Sneha",
            "Siddharth",
            "Neha",
            "Sneha",
            "Aditi",
            "Rohan",
            "Aditya",
            "Sneha",
            "Ananya",
            "Kavya",
            "Vivaan",
            "Simran",
            "Aarav",
            "Ishita",
            "Simran",
            "Kunal",
            "Aditi",
            "Sneha",
            "Ishita",
            "Riya",
            "Aditya",
            "Kunal",
            "Pooja",
            "Ananya",
            "Kavya",
            "Siddharth",
            "Rohan",
            "Ishita",
            "Aditi",
            "Kavya",
            "Aditya"
        ]
    }
}