{
    "10": {
        "age": [
            20.5262,
            35.498,
            24.2935,
            20.1846,
            39.5979,
            34.8867,
            29.9549,
            33.5326,
            35.3528,
            33.6784
        ],
        "name": [
            "Aditi",
            "Aditya",
            "Arjun",
            "Pooja",
            "Priya",
            "Priya",
            "Riya",
            "Rohan",
            "Rohan",
            "Siddharth"
        ]
    },
    "100": {
        "age": [
            24.0073,
            37.6105,
            36.5597,
            22.0051,
            23.8254,
            27.05,
            24.9422,
            22.1866,
            30.5986,
            23.5685,
            28.4806,
            26.917,
            31.7253,
            25.7939,
            21.6272,
            30.445,
            36.515,
            37.8594,
            31.5672,
            29.8884,
            38.864,
            20.6479,
            33.6318,
            23.4963,
            35.7728,
            26.8687,
            25.8561,
            35.0759,
            20.3141,
            33.7658,
            39.7192,
            29.7405,
            29.0485,
            24.2227,
            33.2634,
            32.471,
            35.8437,
            38.4309,
            28.8731,
            34.7869,
            32.3277,
            25.1134,
            30.6146,
            23.5848,
            37.6021,
            22.4656,
            35.1596,
            26.4686,
            37.2465,
            27.4837,
            37.259,
            29.6703,
            29.4341,
            21.5896,
            34.9831,
            24.6168,
            22.7472,
            25.7362,
            26.8002,
            22.0997,
            27.669,
            29.7519,
            24.6644,
            34.9224,
            37.5611,
            31.8705,
            36.87,
            29.1573,
            21.64,
            32.5697,
            24.4727,
            21.5565,
            24.9815,
            39.0528,
            24.0805,
            36.2688,
            37.7621,
            33.2101,
            28.0665,
            30.4322,
            35.6328,
            20.6414,
            25.3815,
            25.6053,
            36.727,
            36.1534,
            24.6464,
            34.746,
            29.6181,
            34.711,
            34.0923,
            32.3656,
            24.1992,
            32.0136,
            35.4086,
            22.4759,
            39.6169,
            35.3009,
            25.6771,
            28.8454
        ],
        "name": [
            "Aarav",
            "Aarav",
            "Aditi",
            "Aditi",
            "Aditi",
            "Aditi",
            "Aditya",
            "Aditya",
            "Aditya",
            "Aditya",
            "Aditya",
            "Aditya",
            "Aditya",
            "Aditya",
            "Aditya",
            "Aditya",
            "Aman",
            "Aman",
            "Aman",
            "Aman",
            "Aman",
            "Aman",
            "Ananya",
            "Ananya",
            "Ananya",
            "Ananya",
            "Ananya",
            "Ananya",
            "Ananya",
            "Arjun",
            "Arjun",
            "Arjun",
            "Arjun",
            "Ishita",
            "Kavya",
            "Kavya",
            "Kavya",
            "Kavya",
            "Kavya",
            "Kunal",
            "Kunal",
            "Kunal",
            "Kunal",
            "Kunal",
            "Kunal",
            "Kunal",
            "Neha",
            "Neha",
            "Neha",
            "Neha",
            "Neha",
            "Nikhil",
            "Nikhil",
            "Nikhil",
            "Nikhil",
            "Pooja",
            "Pooja",
            "Pooja",
            "Priya",
            "Priya",
            "Priya",
            "Priya",
            "Rahul",
            "Rahul",
            "Rahul",
            "Rahul",
            "Riya",
            "Riya",
            "Riya",
            "Riya",
            "Riya",
            "Riya",
            "Rohan",
            "Rohan",
            "Rohan",
            "Rohan",
            "Rohan",
            "Rohan",
            "Siddharth",
            "Siddharth",
            "Siddharth",
            "Siddharth",
            "Siddharth",
            "Siddharth",
            "Siddharth",
            "Simran",
            "Simran",
            "Simran",
            "Simran",
            "Sneha",
            "Sneha",
            "Sneha",
            "Sneha",
            "Sneha",
            "Sneha",
            "Vivaan",
            "Vivaan",
            "Vivaan",
            "Vivaan",
            "Vivaan"
        ]
    },
    "20": {
        "age": [
            39.5486,
            38.6755,
            21.9022,
            38.6086,
            25.3994,
            38.9141,
            39.5942,
            38.1042,
            20.4603,
            35.6368,
            24.6205,
            36.9102,
            24.9276,
            38.6449,
            32.5484,
            27.384,
            20.9648,
            27.3002,
            22.6521,
            23.3336
        ],
        "name": [
            "Aarav",
            "Aditi",
            "Arjun",
            "Kavya",
            "Kavya",
            "Kunal",
            "Neha",
            "Nikhil",
            "Pooja",
            "Priya",
            "Priya",
            "Rahul",
            "Riya",
            "Riya",
            "Riya",
            "Rohan",
            "Siddharth",
            "Simran",
            "Simran",
            "Sneha"
        ]
    },
    "30": {
        "age": [
            32.8168,
            23.7378,
            35.6287,
            39.4483,
            24.948,
            29.3096,
            32.4564,
            32.471,
            22.8478,
            27.0482,
            20.2895,
            28.154,
            27.0913,
            27.077,
            36.3893,
            24.4744,
            23.0636,
            33.8007,
            26.4773,
            21.3003,
            28.1904,
            22.9477,
            38.6576,
            36.2781,
            25.2415,
            31.1962,
            31.8491,
            27.1008,
            36.1241,
            35.5743
        ],
        "name": [
            "Aarav",
            "Aarav",
            "Aditi",
            "Aditi",
            "Aman",
            "Ananya",
            "Ananya",
            "Arjun",
            "Ishita",
            "Neha",
            "Nikhil",
            "Nikhil",
            "Pooja",
            "Pooja",
            "Priya",
            "Rahul",
            "Riya",
            "Rohan",
            "Siddharth",
            "Siddharth",
            "Simran",
            "Simran",
            "Simran",
            "Simran",
            "Simran",
            "Simran",
            "Vivaan",
            "Vivaan",
            "Vivaan",
            "Vivaan"
        ]
    },
    "40": {
        "age": [
            28.7321,
            33.2778,
            38.0921,
            28.5973,
            27.9957,
            23.2849,
            30.3165,
            24.0726,
            23.4679,
            33.9123,
            27.5494,
            29.8568,
            23.306,
            27.7524,
            26.8977,
            29.5619,
            39.4002,
            24.8253,
            39.9543,
            33.2471,
            32.9774,
            25.6575,
            31.956,
            26.9868,
            31.6237,
            26.1882,
            31.383,
            39.6875,
            30.2153,
            23.9649,
            32.1114,
            37.579,
            34.2531,
            22.3036,
            35.9764,
            36.741,
            32.2338,
            28.2867,
            27.3738,
            24.3156
        ],
        "name": [
            "Aditi",
            "Aditi",
            "Aditi",
            "Aditi",
            "Aditya",
            "Aman",
            "Aman",
            "Ananya",
            "Arjun",
            "Arjun",
            "Arjun",
            "Ishita",
            "Ishita",
            "Ishita",
            "Kunal",
            "Kunal",
            "Kunal",
            "Nikhil",
            "Pooja",
            "Pooja",
            "Priya",
            "Priya",
            "Rahul",
            "Rahul",
            "Riya",
            "Riya",
            "Riya",
            "Riya",
            "Riya",
            "Riya",
            "Siddharth",
            "Siddharth",
            "Siddharth",
            "Siddharth",
            "Siddharth",
            "Simran",
            "Simran",
            "Simran",
            "Simran",
            "Sneha"
        ]
    },
    "50": {
        "age": [
            33.7502,
            39.1045,
            34.1145,
            21.736,
            26.3248,
            25.3088,
            30.707,
            33.2743,
            24.1117,
            33.701,
            21.6439,
            38.9471,
            30.3204,
            22.7166,
            25.6026,
            35.7268,
            39.9729,
            23.3673,
            31.6843,
            22.4111,
            33.0484,
            38.8238,
            35.9915,
            31.4932,
            22.8936,
            34.9493,
            39.2249,
            38.2189,
            22.5211,
            37.7088,
            22.3365,
            30.5893,
            39.7214,
            22.5936,
            36.3145,
            25.9015,
            34.1239,
            38.173,
            39.6971,
            39.7491,
            26.3056,
            33.5806,
            29.8033,
            30.8783,
            39.1312,
            28.7589,
            24.7952,
            32.3868,
            28.2136,
            35.7452
        ],
        "name": [
            "Aarav",
            "Aarav",
            "Aarav",
            "Aditya",
            "Aditya",
            "Aman",
            "Aman",
            "Ananya",
            "Ananya",
            "Ananya",
            "Arjun",
            "Ishita",
            "Ishita",
            "Kavya",
            "Kavya",
            "Kavya",
            "Kavya",
            "Kavya",
            "Kunal",
            "Neha",
            "Nikhil",
            "Nikhil",
            "Nikhil",
            "Pooja",
            "Pooja",
            "Priya",
            "Priya",
            "Priya",
            "Rahul",
            "Rahul",
            "Riya",
            "Riya",
            "Rohan",
            "Rohan",
            "Siddharth",
            "Siddharth",
            "Siddharth",
            "Siddharth",
            "Siddharth",
            "Simran",
            "Simran",
            "Simran",
            "Simran",
            "Simran",
            "Sneha",
            "Sneha",
            "Sneha",
            "Vivaan",
            "Vivaan",
            "Vivaan"
        ]
    },
    "60": {
        "age": [
            21.679,
            22.3926,
            20.4285,
            29.2446,
            39.1327,
            35.0704,
            39.6742,
            30.1828,
            23.769,
            28.9347,
            36.0679,
            39.9119,
            33.5002,
            35.6077,
            20.7696,
            20.4678,
            23.1773,
            39.9893,
            22.6869,
            24.7769,
            27.1849,
            38.5193,
            32.8744,
            37.2566,
            27.6954,
            34.4357,
            30.1824,
            35.7325,
            27.8217,
            22.8475,
            24.0886,
            37.9204,
            21.4085,
            24.047,
            24.0811,
            32.1165,
            33.1122,
            28.4876,
            36.5233,
            27.4897,
            35.8509,
            24.061,
            34.3203,
            20.9353,
            27.9325,
            32.4651,
            34.8991,
            22.4373,
            30.3551,
            29.2165,
            35.477,
            29.8721,
            38.4661,
            29.105,
            31.5328,
            38.1248,
            38.2371,
            38.2885,
            25.3784,
            35.6945
        ],
        "name": [
            "Aarav",
            "Aarav",
            "Aarav",
            "Aarav",
            "Aditi",
            "Aditya",
            "Aman",
            "Ananya",
            "Ananya",
            "Arjun",
            "Arjun",
            "Arjun",
            "Ishita",
            "Ishita",
            "Kunal",
            "Kunal",
            "Kunal",
            "Kunal",
            "Neha",
            "Neha",
            "Neha",
            "Neha",
            "Neha",
            "Neha",
            "Nikhil",
            "Nikhil",
            "Nikhil",
            "Pooja",
            "Priya",
            "Priya",
            "Priya",
            "Rahul",
            "Rahul",
            "Rahul",
            "Rahul",
            "Riya",
            "Riya",
            "Riya",
            "Rohan",
            "Rohan",
            "Rohan",
            "Siddharth",
            "Siddharth",
            "Siddharth",
            "Siddharth",
            "Siddharth",
            "Siddharth",
            "Siddharth",
            "Siddharth",
            "Simran",
            "Simran",
            "Simran",
            "Simran",
            "Simran",
            "Sneha",
            "Sneha",
            "Sneha",
            "Vivaan",
            "Vivaan",
            "Vivaan"
        ]
    },
    "70": {
        "age": [
            36.0869,
            23.781,
            26.3626,
            20.7121,
            23.7085,
            23.0784,
            39.8078,
            31.377,
            39.5408,
            23.7032,
            31.6892,
            32.4939,
            34.7647,
            32.8435,
            29.2326,
            32.3703,
            34.8363,
            38.2483,
            30.5497,
            32.1169,
            20.7894,
            33.1149,
            27.9586,
            33.6394,
            32.7388,
            35.5425,
            29.4351,
            39.49,
            25.0186,
            36.2078,
            33.9976,
            31.2486,
            38.5864,
            30.7142,
            34.6673,
            25.852,
            38.4341,
            25.7315,
            32.672,
            26.5577,
            22.8947,
            24.7716,
            25.1559,
            32.1293,
            24.5646,
            30.1452,
            30.0274,
            39.3012,
            28.8639,
            38.581,
            32.531,
            27.3354,
            34.1872,
            32.5805,
            23.463,
            36.6489,
            29.1918,
            31.5804,
            32.5842,
            30.8008,
            29.1146,
            33.5401,
            25.0099,
            30.2273,
            27.8289,
            36.2437,
            22.2519,
            20.905,
            34.7872,
            24.1814
        ],
        "name": [
            "Aarav",
            "Aarav",
            "Aarav",
            "Aditi",
            "Aditi",
            "Aditi",
            "Aditya",
            "Aditya",
            "Aditya",
            "Aditya",
            "Aditya",
            "Aditya",
            "Aman",
            "Aman",
            "Aman",
            "Ananya",
            "Ananya",
            "Ananya",
            "Ananya",
            "Ananya",
            "Arjun",
            "Arjun",
            "Arjun",
            "Ishita",
            "Ishita",
            "Ishita",
            "Ishita",
            "Kavya",
            "Kavya",
            "Kavya",
            "Kavya",
            "Kavya",
            "Kunal",
            "Kunal",
            "Kunal",
            "Neha",
            "Neha",
            "Neha",
            "Nikhil",
            "Nikhil",
            "Nikhil",
            "Pooja",
            "Pooja",
            "Pooja",
            "Pooja",
            "Pooja",
            "Pooja",
            "Priya",
            "Priya",
            "Rahul",
            "Rahul",
            "Rahul",
            "Rahul",
            "Rahul",
            "Riya",
            "Riya",
            "Rohan",
            "Rohan",
            "Siddharth",
            "Simran",
            "Simran",
            "Simran",
            "Simran",
            "Sneha",
            "Sneha",
            "Sneha",
            "Vivaan",
            "Vivaan",
            "Vivaan",
            "Vivaan"
        ]
    },
    "80": {
        "age": [
            38.8899,
            33.65,
            25.4856,
            22.1615,
            28.2583,
            23.24,
            30.6093,
            35.0309,
            25.3698,
            37.9905,
            31.5151,
            32.5777,
            24.654,
            28.0518,
            28.059,
            28.5291,
            29.0519,
            24.6194,
            32.5068,
            21.3332,
            38.0644,
            32.2137,
            33.373,
            34.5537,
            33.1885,
            38.7074,
            29.0816,
            37.1836,
            21.6793,
            37.1263,
            39.2254,
            28.7093,
            31.116,
            27.8572,
            32.0695,
            31.885,
            33.3525,
            36.8171,
            25.3568,
            31.0007,
            28.7791,
            31.8254,
            38.2038,
            29.0938,
            31.9338,
            24.7748,
            33.9521,
            26.5503,
            37.0635,
            36.4009,
            33.6569,
            34.3527,
            26.233,
            21.5816,
            27.0376,
            35.8307,
            34.7723,
            36.2901,
            27.7781,
            38.8677,
            29.8654,
            30.5578,
            26.0499,
            26.7552,
            21.8261,
            23.9636,
            27.8629,
            28.7065,
            39.745,
            29.6056,
            38.6088,
            36.4388,
            22.3474,
            24.9514,
            21.7767,
            20.0977,
            24.9275,
            38.1196,
            22.6837,
            39.2847
        ],
        "name": [
            "Aarav",
            "Aarav",
            "Aarav",
            "Aarav",
            "Aarav",
            "Aarav",
            "Aarav",
            "Aditi",
            "Aditi",
            "Aditi",
            "Aditya",
            "Aditya",
            "Aman",
            "Ananya",
            "Arjun",
            "Arjun",
            "Arjun",
            "Arjun",
            "Ishita",
            "Ishita",
            "Ishita",
            "Ishita",
            "Ishita",
            "Kavya",
            "Kavya",
            "Kavya",
            "Kavya",
            "Kavya",
            "Kunal",
            "Kunal",
            "Kunal",
            "Kunal",
            "Kunal",
            "Neha",
            "Neha",
            "Neha",
            "Neha",
            "Neha",
            "Neha",
            "Nikhil",
            "Nikhil",
            "Nikhil",
            "Nikhil",
            "Nikhil",
            "Nikhil",
            "Pooja",
            "Pooja",
            "Pooja",
            "Pooja",
            "Priya",
            "Priya",
            "Priya",
            "Rahul",
            "Riya",
            "Rohan",
            "Rohan",
            "Rohan",
            "Rohan",
            "Rohan",
            "Siddharth",
            "Siddharth",
            "Siddharth",
            "Siddharth",
            "Siddharth",
            "Siddharth",
            "Siddharth",
            "Siddharth",
            "Siddharth",
            "Simran",
            "Simran",
            "Simran",
            "Simran",
            "Simran",
            "Simran",
            "Sneha",
            "Sneha",
            "Sneha",
            "Vivaan",
            "Vivaan",
            "Vivaan"
        ]
    },
    "90": {
        "age": [
            36.3967,
            27.3206,
            27.7903,
            30.3821,
            38.5878,
            32.2883,
            23.1021,
            36.7738,
            33.2893,
            29.6453,
            36.3041,
            22.4894,
            21.3707,
            32.9156,
            20.9992,
            37.9168,
            31.4798,
            33.3258,
            20.6356,
            39.2646,
            31.4041,
            29.4125,
            22.0063,
            22.8056,
            38.9621,
            21.2081,
            26.7804,
            23.9584,
            20.1598,
            26.3535,
            38.2844,
            35.2012,
            37.9069,
            23.4403,
            27.4566,
            25.4579,
            29.9362,
            27.2957,
            24.4455,
            32.9039,
            21.0763,
            35.2486,
            29.999,
            31.9422,
            39.0153,
            26.8647,
            28.3118,
            29.5536,
            20.8236,
            37.0827,
            34.0245,
            29.1575,
            38.322,
            35.8525,
            30.5058,
            30.1524,
            25.3553,
            21.2017,
            34.7094,
            30.3806,
            36.9794,
            29.3733,
            21.0367,
            30.1102,
            27.2667,
            22.329,
            32.689,
            39.3646,
            28.4401,
            27.227,
            22.4904,
            21.1363,
            34.394,
            31.2751,
            39.3762,
            34.6038,
            28.7045,
            23.5856,
            35.6161,
            26.7177,
            27.5841,
            36.3047,
            33.6632,
            29.3325,
            33.7373,
            31.3488,
            26.0794,
            24.7992,
            33.5777,
            22.3757
        ],
        "name": [
            "Aarav",
            "Aarav",
            "Aarav",
            "Aarav",
            "Aarav",
            "Aarav",
            "Aarav",
            "Aarav",
            "Aditi",
            "Aditi",
            "Aditi",
            "Aditya",
            "Aditya",
            "Aditya",
            "Aditya",
            "Aman",
            "Aman",
            "Aman",
            "Aman",
            "Ananya",
            "Ananya",
            "Arjun",
            "Arjun",
            "Ishita",
            "Ishita",
            "Ishita",
            "Ishita",
            "Ishita",
            "Ishita",
            "Ishita",
            "Kavya",
            "Kavya",
            "Kavya",
            "Kavya",
            "Kavya",
            "Kavya",
            "Kunal",
            "Kunal",
            "Kunal",
            "Kunal",
            "Kunal",
            "Kunal",
            "Neha",
            "Neha",
            "Neha",
            "Neha",
            "Neha",
            "Pooja",
            "Pooja",
            "Priya",
            "Priya",
            "Priya",
            "Priya",
            "Rahul",
            "Rahul",
            "Rahul",
            "Rahul",
            "Riya",
            "Riya",
            "Riya",
            "Riya",
            "Riya",
            "Riya",
            "Riya",
            "Riya",
            "Riya",
            "Rohan",
            "Rohan",
            "Rohan",
            "Rohan",
            "Siddharth",
            "Siddharth",
            "Siddharth",
            "Siddharth",
            "Siddharth",
            "Siddharth",
            "Siddharth",
            "Siddharth",
            "Simran",
            "Sneha",
            "Sneha",
            "Sneha",
            "Sneha",
            "Vivaan",
            "Vivaan",
            "Vivaan",
            "Vivaan",
            "Vivaan",
            "Vivaan",
            "Vivaan"
        ]
    }
}