{
    "10": {
        "age": [
            37.3107,
            27.9062,
            30.4469,
            29.6757,
            22.923,
            25.3976,
            33.9491,
            20.2271,
            23.9771,
            38.5308
        ],
        "name": [
            "Arjun",
            "Ishita",
            "Kavya",
            "Pooja",
            "Priya",
            "Riya",
            "Rohan",
            "Siddharth",
            "Siddharth",
            "Sneha"
        ]
    },
    "100": {
        "age": [
            20.9232,
            23.8282,
            24.8903,
            29.7627,
            32.0011,
            32.691,
            37.4977,
            26.0441,
            28.8776,
            28.8999,
            34.4095,
            36.669,
            21.9161,
            25.6632,
            26.9125,
            32.1817,
            36.3038,
            39.6962,
            28.3614,
            31.1219,
            31.21,
            37.0805,
            37.0844,
            37.2382,
            38.7617,
            20.7434,
            24.6902,
            25.9576,
            29.507,
            33.5867,
            35.1319,
            37.6214,
            23.2644,
            25.1995,
            25.4117,
            26.8793,
            31.8989,
            35.6354,
            21.3923,
            25.4259,
            26.0235,
            26.9843,
            28.1314,
            32.8203,
            34.6259,
            35.0962,
            38.3414,
            38.5299,
            21.9453,
            23.8385,
            33.1483,
            38.3151,
            20.617,
            23.896,
            34.8166,
            38.1449,
            38.4824,
            22.5483,
            25.2779,
            26.7059,
            36.9166,
            39.0052,
            21.7331,
            22.5211,
            24.6855,
            27.6453,
            36.1526,
            22.042,
            24.5014,
            25.577,
            26.9335,
            27.2957,
            31.207,
            34.3197,
            34.3547,
            34.8639,
            39.0923,
            22.8591,
            30.6343,
            35.6168,
            22.0682,
            27.0305,
            28.8161,
            29.0106,
            22.6563,
            27.5646,
            34.5214,
            37.3044,
            20.5514,
            25.5033,
            26.2684,
            22.0276,
            22.3155,
            26.7866,
            20.4686,
            20.8931,
            31.3413,
            32.4252,
            33.6493,
            34.6625
        ],
        "name": [
            "Aarav",
            "Aarav",
            "Aditya",
            "Aditya",
            "Aditya",
            "Aditya",
            "Aditya",
            "Aman",
            "Aman",
            "Aman",
            "Aman",
            "Aman",
            "Ananya",
            "Ananya",
            "Ananya",
            "Ananya",
            "Ananya",
            "Ananya",
            "Arjun",
            "Arjun",
            "Arjun",
            "Arjun",
            "Arjun",
            "Arjun",
            "Arjun",
            "Ishita",
            "Ishita",
            "Ishita",
            "Ishita",
            "Ishita",
            "Ishita",
            "Ishita",
            "Kavya",
            "Kavya",
            "Kavya",
            "Kavya",
            "Kavya",
            "Kavya",
            "Kunal",
            "Kunal",
            "Kunal",
            "Kunal",
            "Kunal",
            "Kunal",
            "Kunal",
            "Kunal",
            "Kunal",
            "Kunal",
            "Neha",
            "Neha",
            "Neha",
            "Neha",
            "Nikhil",
            "Nikhil",
            "Nikhil",
            "Nikhil",
            "Nikhil",
            "Pooja",
            "Pooja",
            "Pooja",
            "Pooja",
            "Pooja",
            "Priya",
            "Priya",
            "Priya",
            "Priya",
            "Priya",
            "Rahul",
            "Rahul",
            "Rahul",
            "Rahul",
            "Rahul",
            "Rahul",
            "Rahul",
            "Rahul",
            "Rahul",
            "Rahul",
            "Riya",
            "Riya",
            "Riya",
            "Rohan",
            "Rohan",
            "Rohan",
            "Rohan",
            "Siddharth",
            "Siddharth",
            "Siddharth",
            "Siddharth",
            "Simran",
            "Simran",
            "Simran",
            "Sneha",
            "Sneha",
            "Sneha",
            "Vivaan",
            "Vivaan",
            "Vivaan",
            "Vivaan",
            "Vivaan",
            "Vivaan"
        ]
    },
    "20": {
        "age": [
            24.5651,
            22.6942,
            29.0004,
            20.8908,
            29.0543,
            24.9072,
            39.3785,
            29.7273,
            25.1487,
            26.1172,
            35.9743,
            38.675,
            23.2419,
            27.8173,
            31.8629,
            31.4087,
            38.456,
            21.2332,
            31.6586,
            34.0749
        ],
        "name": [
            "Aarav",
            "Aditya",
            "Aditya",
            "Ananya",
            "Ananya",
            "Arjun",
            "Arjun",
            "Kavya",
            "Kunal",
            "Neha",
            "Nikhil",
            "Nikhil",
            "Riya",
            "Riya",
            "Riya",
            "Rohan",
            "Siddharth",
            "Simran",
            "Sneha",
            "Sneha"
        ]
    },
    "30": {
        "age": [
            32.9848,
            39.5951,
            36.8539,
            39.9314,
            21.9316,
            33.7276,
            34.5838,
            35.7347,
            38.6739,
            28.9462,
            37.7449,
            22.2848,
            39.3272,
            25.0776,
            33.0755,
            37.452,
            32.7892,
            35.7502,
            32.1778,
            34.5101,
            37.8008,
            21.0317,
            20.5506,
            29.6597,
            37.6991,
            29.0174,
            29.8809,
            35.2152,
            26.1425,
            29.148
        ],
        "name": [
            "Aarav",
            "Aditi",
            "Aditya",
            "Aditya",
            "Aman",
            "Aman",
            "Ananya",
            "Ananya",
            "Ananya",
            "Ishita",
            "Ishita",
            "Kavya",
            "Kavya",
            "Kunal",
            "Neha",
            "Neha",
            "Pooja",
            "Pooja",
            "Rahul",
            "Rahul",
            "Rahul",
            "Riya",
            "Rohan",
            "Rohan",
            "Rohan",
            "Siddharth",
            "Siddharth",
            "Siddharth",
            "Simran",
            "Vivaan"
        ]
    },
    "40": {
        "age": [
            29.712,
            33.8667,
            37.6449,
            22.9009,
            31.8982,
            34.5303,
            25.0742,
            33.8616,
            35.2433,
            35.29,
            36.4868,
            37.9956,
            20.2687,
            30.6859,
            24.3394,
            25.0524,
            34.1932,
            36.777,
            39.6415,
            29.1344,
            30.6571,
            22.8178,
            27.4005,
            33.1862,
            34.2947,
            34.9857,
            22.6222,
            21.2281,
            25.3174,
            33.7921,
            21.7903,
            22.9328,
            33.0419,
            28.3111,
            20.9509,
            21.9227,
            38.148,
            22.4411,
            35.977,
            35.5648
        ],
        "name": [
            "Aarav",
            "Aarav",
            "Aditi",
            "Aditya",
            "Aditya",
            "Aditya",
            "Aman",
            "Aman",
            "Aman",
            "Aman",
            "Aman",
            "Aman",
            "Ananya",
            "Ananya",
            "Arjun",
            "Arjun",
            "Arjun",
            "Arjun",
            "Arjun",
            "Ishita",
            "Ishita",
            "Kavya",
            "Kunal",
            "Kunal",
            "Kunal",
            "Kunal",
            "Neha",
            "Rahul",
            "Rahul",
            "Rahul",
            "Riya",
            "Riya",
            "Riya",
            "Rohan",
            "Simran",
            "Simran",
            "Simran",
            "Sneha",
            "Sneha",
            "Vivaan"
        ]
    },
    "50": {
        "age": [
            32.8278,
            32.9694,
            38.7458,
            23.2543,
            29.5331,
            35.1405,
            38.8177,
            28.9809,
            33.1992,
            27.3467,
            30.1083,
            33.8599,
            37.5801,
            25.517,
            27.9957,
            29.8575,
            37.1759,
            20.4564,
            23.6646,
            39.413,
            27.2517,
            35.0203,
            29.6171,
            27.3687,
            39.7777,
            22.8645,
            22.9897,
            35.1462,
            39.6919,
            21.1251,
            28.7964,
            31.5161,
            33.8813,
            22.7916,
            28.393,
            30.2822,
            21.2607,
            32.7754,
            35.7703,
            32.1958,
            36.2047,
            36.7884,
            20.541,
            29.9488,
            39.7181,
            24.8422,
            27.5827,
            30.5486,
            22.8693,
            35.2483
        ],
        "name": [
            "Aarav",
            "Aarav",
            "Aarav",
            "Aditya",
            "Aditya",
            "Aditya",
            "Aditya",
            "Aman",
            "Aman",
            "Ananya",
            "Ananya",
            "Ananya",
            "Ananya",
            "Arjun",
            "Arjun",
            "Arjun",
            "Arjun",
            "Ishita",
            "Ishita",
            "Ishita",
            "Kavya",
            "Kavya",
            "Kunal",
            "Neha",
            "Neha",
            "Pooja",
            "Pooja",
            "Pooja",
            "Priya",
            "Rahul",
            "Rahul",
            "Rahul",
            "Rahul",
            "Riya",
            "Riya",
            "Riya",
            "Rohan",
            "Rohan",
            "Rohan",
            "Siddharth",
            "Siddharth",
            "Siddharth",
            "Simran",
            "Simran",
            "Simran",
            "Sneha",
            "Sneha",
            "Sneha",
            "Vivaan",
            "Vivaan"
        ]
    },
    "60": {
        "age": [
            22.1297,
            38.8582,
            20.1816,
            20.1847,
            21.4244,
            24.2002,
            29.7571,
            30.5294,
            35.5549,
            38.6315,
            38.9922,
            21.6295,
            26.3071,
            32.3118,
            35.8341,
            25.772,
            29.5145,
            35.6576,
            36.6127,
            36.947,
            23.3138,
            35.2692,
            36.278,
            24.1599,
            24.2819,
            28.6532,
            25.077,
            29.9519,
            36.0822,
            36.7992,
            30.9443,
            33.5305,
            35.8207,
            23.2111,
            32.694,
            32.2977,
            20.4068,
            23.5127,
            24.7747,
            31.3072,
            26.2188,
            39.4063,
            24.1547,
            38.0392,
            35.1388,
            38.6736,
            36.1347,
            36.2703,
            22.7769,
            33.7398,
            34.1718,
            22.007,
            27.2319,
            30.9114,
            35.1001,
            25.6364,
            27.1001,
            30.5949,
            30.7748,
            31.4011
        ],
        "name": [
            "Aarav",
            "Aarav",
            "Aditi",
            "Aditi",
            "Aditi",
            "Aditi",
            "Aditi",
            "Aditi",
            "Aditi",
            "Aditi",
            "Aditi",
            "Aditya",
            "Aditya",
            "Aditya",
            "Aditya",
            "Aman",
            "Aman",
            "Aman",
            "Aman",
            "Aman",
            "Ananya",
            "Ananya",
            "Ananya",
            "Arjun",
            "Ishita",
            "Ishita",
            "Kavya",
            "Kunal",
            "Kunal",
            "Kunal",
            "Neha",
            "Neha",
            "Neha",
            "Nikhil",
            "Nikhil",
            "Pooja",
            "Priya",
            "Priya",
            "Priya",
            "Priya",
            "Rahul",
            "Rahul",
            "Riya",
            "Riya",
            "Rohan",
            "Rohan",
            "Siddharth",
            "Siddharth",
            "Simran",
            "Simran",
            "Simran",
            "Sneha",
            "Sneha",
            "Sneha",
            "Sneha",
            "Vivaan",
            "Vivaan",
            "Vivaan",
            "Vivaan",
            "Vivaan"
        ]
    },
    "70": {
        "age": [
            25.7645,
            39.9204,
            27.3705,
            39.5527,
            20.4549,
            21.274,
            34.3877,
            22.973,
            27.1902,
            31.1231,
            36.59,
            38.6622,
            39.3341,
            24.294,
            33.827,
            34.3622,
            29.9138,
            30.395,
            33.4155,
            38.2946,
            39.0079,
            21.32,
            29.8893,
            31.1956,
            34.2889,
            28.5123,
            34.029,
            25.6219,
            37.0328,
            28.7967,
            33.7605,
            21.1585,
            36.4596,
            39.8286,
            23.3139,
            34.3007,
            37.8592,
            21.6294,
            21.6627,
            38.3022,
            38.4529,
            22.2284,
            27.1842,
            30.4817,
            32.2398,
            36.1172,
            24.24,
            27.8653,
            31.1793,
            34.3094,
            36.5905,
            37.9612,
            31.7917,
            32.6114,
            36.0617,
            20.9527,
            28.6951,
            29.2184,
            32.8359,
            38.4879,
            27.6919,
            20.3576,
            21.3144,
            21.601,
            23.8189,
            27.9884,
            29.0231,
            20.6612,
            29.7915,
            38.7601
        ],
        "name": [
            "Aarav",
            "Aarav",
            "Aditi",
            "Aditi",
            "Aditya",
            "Aditya",
            "Aditya",
            "Aman",
            "Aman",
            "Aman",
            "Aman",
            "Aman",
            "Aman",
            "Ananya",
            "Ananya",
            "Ananya",
            "Arjun",
            "Arjun",
            "Arjun",
            "Arjun",
            "Arjun",
            "Ishita",
            "Ishita",
            "Ishita",
            "Ishita",
            "Kavya",
            "Kavya",
            "Kunal",
            "Kunal",
            "Neha",
            "Neha",
            "Nikhil",
            "Nikhil",
            "Nikhil",
            "Pooja",
            "Pooja",
            "Pooja",
            "Priya",
            "Priya",
            "Priya",
            "Priya",
            "Rahul",
            "Rahul",
            "Rahul",
            "Rahul",
            "Rahul",
            "Riya",
            "Riya",
            "Riya",
            "Riya",
            "Riya",
            "Riya",
            "Rohan",
            "Rohan",
            "Rohan",
            "Siddharth",
            "Siddharth",
            "Siddharth",
            "Siddharth",
            "Siddharth",
            "Simran",
            "Sneha",
            "Sneha",
            "Sneha",
            "Sneha",
            "Sneha",
            "Sneha",
            "Vivaan",
            "Vivaan",
            "Vivaan"
        ]
    },
    "80": {
        "age": [
            20.7607,
            20.9036,
            21.3739,
            29.3161,
            31.3642,
            35.81,
            21.663,
            38.7287,
            39.6073,
            24.9297,
            29.6556,
            29.2995,
            30.0645,
            31.1094,
            34.4966,
            36.0438,
            25.6712,
            27.9457,
            33.1312,
            21.426,
            23.3363,
            26.336,
            27.5892,
            29.2441,
            31.4691,
            36.4856,
            23.7184,
            28.1855,
            34.23,
            36.4758,
            28.9189,
            29.7832,
            35.0338,
            20.0439,
            23.8534,
            24.3265,
            27.7377,
            28.3838,
            29.93,
            32.5844,
            34.7942,
            37.3167,
            37.4451,
            21.9541,
            22.9631,
            33.1573,
            22.4331,
            28.6719,
            21.454,
            23.3456,
            29.5294,
            31.7677,
            20.5419,
            21.3303,
            25.3357,
            28.5155,
            29.756,
            34.6867,
            35.1704,
            21.3706,
            35.6575,
            30.0978,
            35.6852,
            36.2232,
            24.923,
            22.2885,
            26.7596,
            33.1077,
            33.6733,
            36.5334,
            21.4936,
            23.6733,
            27.3327,
            37.5324,
            26.1822,
            28.2069,
            23.0212,
            30.2341,
            32.0824,
            39.876
        ],
        "name": [
            "Aarav",
            "Aarav",
            "Aarav",
            "Aarav",
            "Aarav",
            "Aarav",
            "Aditi",
            "Aditi",
            "Aditi",
            "Aditya",
            "Aditya",
            "Aman",
            "Aman",
            "Aman",
            "Aman",
            "Aman",
            "Ananya",
            "Ananya",
            "Ananya",
            "Arjun",
            "Arjun",
            "Arjun",
            "Arjun",
            "Arjun",
            "Arjun",
            "Arjun",
            "Ishita",
            "Ishita",
            "Ishita",
            "Ishita",
            "Kavya",
            "Kavya",
            "Kavya",
            "Kunal",
            "Kunal",
            "Kunal",
            "Kunal",
            "Kunal",
            "Kunal",
            "Kunal",
            "Kunal",
            "Kunal",
            "Kunal",
            "Neha",
            "Neha",
            "Neha",
            "Nikhil",
            "Nikhil",
            "Pooja",
            "Pooja",
            "Pooja",
            "Pooja",
            "Priya",
            "Priya",
            "Priya",
            "Priya",
            "Priya",
            "Priya",
            "Priya",
            "Rahul",
            "Rahul",
            "Riya",
            "Riya",
            "Riya",
            "Rohan",
            "Siddharth",
            "Siddharth",
            "Siddharth",
            "Siddharth",
            "Siddharth",
            "Simran",
            "Simran",
            "Simran",
            "Simran",
            "Sneha",
            "Sneha",
            "Vivaan",
            "Vivaan",
            "Vivaan",
            "Vivaan"
        ]
    },
    "90": {
        "age": [
            20.3695,
            23.6198,
            31.8961,
            34.3109,
            37.7494,
            39.487,
            39.9442,
            20.8815,
            22.1709,
            22.8736,
            25.5189,
            27.7321,
            32.3867,
            35.0156,
            39.3647,
            27.6654,
            29.4674,
            34.284,
            38.3208,
            23.1303,
            23.2801,
            25.9254,
            30.2527,
            33.3908,
            33.5121,
            32.0805,
            28.508,
            26.0547,
            31.7,
            35.4595,
            20.5505,
            23.9455,
            35.2484,
            36.0702,
            24.2131,
            25.8622,
            30.7309,
            30.7668,
            31.0525,
            32.6453,
            39.1818,
            20.071,
            37.4077,
            39.9604,
            20.7765,
            28.9408,
            34.2775,
            21.6934,
            22.5749,
            22.8971,
            24.4099,
            24.4686,
            24.6132,
            20.9047,
            21.637,
            25.5395,
            30.0206,
            30.8396,
            31.9645,
            34.0083,
            35.3327,
            36.0716,
            21.0408,
            22.7442,
            27.5763,
            34.2286,
            39.634,
            20.1051,
            24.4407,
            32.4309,
            35.401,
            35.9473,
            39.7767,
            21.2449,
            26.9587,
            28.0662,
            33.0676,
            38.8456,
            21.5753,
            27.65,
            20.8869,
            21.8687,
            22.1311,
            22.6525,
            25.9569,
            34.7691,
            36.4464,
            25.5356,
            38.8848,
            39.233
        ],
        "name": [
            "Aarav",
            "Aarav",
            "Aarav",
            "Aarav",
            "Aarav",
            "Aarav",
            "Aarav",
            "Aditi",
            "Aditi",
            "Aditi",
            "Aditi",
            "Aditi",
            "Aditi",
            "Aditi",
            "Aditi",
            "Aditya",
            "Aditya",
            "Aditya",
            "Aditya",
            "Aman",
            "Aman",
            "Aman",
            "Aman",
            "Aman",
            "Aman",
            "Ananya",
            "Arjun",
            "Ishita",
            "Ishita",
            "Ishita",
            "Kavya",
            "Kunal",
            "Kunal",
            "Kunal",
            "Neha",
            "Neha",
            "Neha",
            "Neha",
            "Neha",
            "Neha",
            "Neha",
            "Nikhil",
            "Nikhil",
            "Nikhil",
            "Pooja",
            "Pooja",
            "Pooja",
            "Priya",
            "Priya",
            "Priya",
            "Priya",
            "Priya",
            "Priya",
            "Rahul",
            "Rahul",
            "Rahul",
            "Rahul",
            "Rahul",
            "Rahul",
            "Rahul",
            "Rahul",
            "Rahul",
            "Riya",
            "Riya",
            "Riya",
            "Riya",
            "Riya",
            "Rohan",
            "Rohan",
            "Rohan",
            "Rohan",
            "Rohan",
            "Rohan",
            "Siddharth",
            "Siddharth",
            "Siddharth",
            "Siddharth",
            "Siddharth",
            "Simran",
            "Simran",
            "Sneha",
            "Sneha",
            "Sneha",
            "Sneha",
            "Sneha",
            "Sneha",
            "Sneha",
            "Vivaan",
            "Vivaan",
            "Vivaan"
        ]
    }
}